{"total_flos":2.8877932287442944e+16,"train_steps_per_second":0.068,"train_loss":1.1152824478149415,"train/loss":1.0704,"train_runtime":14644.5609,"_timestamp":1.7521413843940368e+09,"train/grad_norm":0.7305089831352234,"train/num_tokens":1.725246e+06,"train_samples_per_second":0.068,"train/mean_token_accuracy":0.7645505040884018,"_step":13,"train/global_step":1000,"_runtime":14643.5661987,"train/epoch":0.35323207347227126,"_wandb":{"runtime":14854},"train/learning_rate":1.0100000000000002e-05}