{"_runtime":38.8317261,"_step":5,"train/epoch":0.03389830508474576,"train/loss":0.5013,"total_flos":5.640855379968e+13,"train/grad_norm":3.074195623397827,"train/mean_token_accuracy":0.9375,"_timestamp":1.7521057769248703e+09,"train/num_tokens":3370,"train_loss":0.4071485996246338,"train_runtime":39.9042,"train_steps_per_second":0.05,"train/learning_rate":0.0001,"_wandb":{"runtime":60},"train/global_step":2,"train_samples_per_second":0.05}