{"train/learning_rate":1.8426253524150176e-05,"_timestamp":1.7529322423327243e+09,"train/grad_norm":0.2195751816034317,"_runtime":2438.9791046,"train/mean_token_accuracy":0.9493017825484276,"_wandb":{"runtime":3065},"train/loss":0.069,"train/num_tokens":1.355967e+06,"_step":1,"train/epoch":0.8,"train/global_step":100}